{"shap": {"decision_tree": {"feature_importance": [0.7631199765969737, 0.8215339392479125, 1.271768287434124, 1.2018343124617585, 0.8325111881817955, 1.111428957970647, 4.28664064282856, 1.5175084185327965, 1.3384975310104792, 2.7156954583458135, 0.2876719284429378, 0.8826332676214935, 0.5160128116892783, 1.2186851795909694, 0.08061621842842824], "feature_names": ["code_length", "num_lines", "num_function_calls", "num_variables", "has_strcpy", "has_strcat", "has_sprintf", "has_gets", "has_memcpy", "has_scanf", "num_if", "num_for", "num_while", "num_switch", "num_pointers"]}, "random_forest": {"feature_importance": [2.146721189425713, 1.4477548737565604, 0.6619090395994135, 0.8334798092025358, 2.6443935931428966, 8.161930857577627, 4.4245506457820705, 2.002180011639684, 1.5178578050225164, 1.8547061197693993, 1.586367632039095, 0.1339217498258341, 0.6096434985623131, 1.048503155907187, 1.2041031450764839], "feature_names": ["code_length", "num_lines", "num_function_calls", "num_variables", "has_strcpy", "has_strcat", "has_sprintf", "has_gets", "has_memcpy", "has_scanf", "num_if", "num_for", "num_while", "num_switch", "num_pointers"]}, "svm": {"feature_importance": [0.18662328516818527, 0.8919861583993847, 0.9559216864837901, 1.906460880076934, 0.5555476753725117, 0.6541144555666191, 2.8116498408835446, 0.5234019593329061, 1.1898367769393394, 0.4210333594857173, 0.25537194032582045, 2.0029543074702185, 0.3505117953798789, 0.5290568761907706, 0.06735997670574385], "feature_names": ["code_length", "num_lines", "num_function_calls", "num_variables", "has_strcpy", "has_strcat", "has_sprintf", "has_gets", "has_memcpy", "has_scanf", "num_if", "num_for", "num_while", "num_switch", "num_pointers"]}, "logistic_regression": {"feature_importance": [0.18692636845803415, 0.46103315856881205, 1.8630213893478602, 0.2128905220347764, 1.7669139470137387, 1.9840428944766728, 0.49683730391451575, 3.75603313821409, 1.1388817136247815, 1.6691722822068473, 0.1272689148306362, 0.7476259424106897, 1.0108425578524147, 0.6262180642982391, 0.3643210297712826], "feature_names": ["code_length", "num_lines", "num_function_calls", "num_variables", "has_strcpy", "has_strcat", "has_sprintf", "has_gets", "has_memcpy", "has_scanf", "num_if", "num_for", "num_while", "num_switch", "num_pointers"]}, "lstm": {"feature_importance": [1.4805636441824643, 1.0010895916509222, 0.05763706925451207, 0.5467808762091544, 1.5172359900662955, 2.0918279190506666, 0.4458887124139587, 2.178101157326141, 0.6844440314474961, 1.2155684380922913, 0.5332984711441326, 1.6516305692883773, 1.0738520465033876, 1.1149536308485373, 1.3381263487347843], "feature_names": ["code_length", "num_lines", "num_function_calls", "num_variables", "has_strcpy", "has_strcat", "has_sprintf", "has_gets", "has_memcpy", "has_scanf", "num_if", "num_for", "num_while", "num_switch", "num_pointers"]}, "cnn": {"feature_importance": [0.45020269030840804, 0.8524238890359668, 0.7219273019866108, 1.1675005458229666, 0.6683213204558407, 0.3580247325711293, 1.4768454048396487, 0.5822412640173226, 0.8279334490749556, 0.833026910932146, 0.0902979548767338, 0.03979177230074506, 1.288200789400492, 0.19201259863401354, 0.07866136339280169], "feature_names": ["code_length", "num_lines", "num_function_calls", "num_variables", "has_strcpy", "has_strcat", "has_sprintf", "has_gets", "has_memcpy", "has_scanf", "num_if", "num_for", "num_while", "num_switch", "num_pointers"]}}, "lime": {"decision_tree": [{"sample_idx": 0, "features": [["has_gets", 0.11151134965543452], ["num_lines", -0.006698147540742716], ["num_while", -0.11547262711776285], ["num_for", -0.24359872992012988], ["num_while", -0.2056971324989081], ["code_length", 0.060958836430005325], ["has_strcat", 0.18070861998054233], ["num_switch", 0.41748275742832885], ["num_while", -0.29763314313093336], ["num_function_calls", 0.1310578285202354]]}, {"sample_idx": 1, "features": [["num_while", -0.07944784576648267], ["num_switch", 0.06835368009686216], ["num_while", 0.297530463488627], ["has_scanf", -0.02185727409495819], ["num_function_calls", -0.036893312078196905], ["has_memcpy", -0.08821874949175723], ["has_scanf", -0.39429696953903626], ["num_if", 0.30386418412525273], ["has_gets", 0.44104142901303367], ["num_while", -0.29438934722795795]]}, {"sample_idx": 2, "features": [["num_pointers", 0.39354324221269044], ["num_for", -0.48519936002782293], ["code_length", -0.23723634182577957], ["has_strcpy", -0.36954125886482825], ["num_for", -0.009613793989409869], ["num_switch", 0.021549543098994706], ["has_strcat", -0.4231669316955853], ["num_function_calls", -0.45447603988785434], ["num_function_calls", -0.07288128661825788], ["num_lines", 0.06185860239254537]]}], "random_forest": [{"sample_idx": 0, "features": [["num_lines", -0.47682974858185745], ["has_strcpy", 0.06986023270995345], ["num_variables", -0.3399659361371865], ["num_lines", -0.0838936563787478], ["num_function_calls", -0.015126856759456797], ["has_strcpy", 0.4914343362113244], ["num_lines", 0.08696406061540862], ["num_switch", 0.0012876086218035487], ["has_gets", 0.4026054692401091], ["num_variables", -0.401392157506683]]}, {"sample_idx": 1, "features": [["num_switch", 0.12525825112064537], ["num_variables", 0.4651475953515426], ["num_function_calls", 0.2942306145560689], ["has_sprintf", -0.24649644020529293], ["num_pointers", 0.09496329429255856], ["has_sprintf", 0.13246573519259885], ["num_while", 0.01029666223105108], ["has_memcpy", -0.11103128224266234], ["has_memcpy", 0.32215176397596246], ["has_gets", -0.10685587610312741]]}, {"sample_idx": 2, "features": [["num_lines", 0.284703648200371], ["has_memcpy", -0.2661217210037554], ["num_for", 0.25423899055623056], ["num_if", -0.3485008291765329], ["has_gets", 0.15558039105483634], ["has_gets", 0.1252700406855688], ["has_strcpy", -0.2958392785102696], ["num_if", -0.28452220077762724], ["has_sprintf", 0.0934852913111327], ["has_gets", 0.17385309694582263]]}], "svm": [{"sample_idx": 0, "features": [["has_strcpy", 0.3096857759968692], ["has_scanf", -0.2523206410179204], ["num_while", -0.3278071223007111], ["has_memcpy", 0.17767304690046026], ["has_memcpy", 0.46348982733400423], ["code_length", 0.0033615038106920014], ["num_if", -0.010626337715985756], ["num_function_calls", -0.2126258935931694], ["num_lines", 0.02693582580058751], ["has_scanf", 0.1454226456833101]]}, {"sample_idx": 1, "features": [["has_strcpy", 0.14047390975716656], ["num_variables", 0.010795427385083878], ["num_pointers", 0.37916678478441856], ["has_strcpy", -0.45368150590148126], ["num_function_calls", -0.3561552796543047], ["num_lines", -0.46961031202515124], ["has_scanf", -0.3375596192662679], ["code_length", -0.005442012089513337], ["num_if", -0.10190929491784317], ["code_length", 0.19148962369494293]]}, {"sample_idx": 2, "features": [["num_for", -0.2763636578249963], ["has_gets", -0.20696542828559017], ["num_lines", 0.004328280396797668], ["num_if", -0.44025381990419643], ["num_variables", 0.49323508494719537], ["num_lines", 0.19452858493505798], ["has_sprintf", -0.1717137528027598], ["has_scanf", -0.25106867648938047], ["num_switch", -0.002800461168862012], ["num_switch", 0.10768004186132163]]}], "logistic_regression": [{"sample_idx": 0, "features": [["has_strcat", -0.49418786142277915], ["has_sprintf", 0.15717715362836293], ["num_while", 0.3245374148848923], ["has_scanf", 0.09502795390922625], ["num_lines", 0.26990910801652934], ["code_length", 0.2519737169402174], ["has_sprintf", -0.4666228880097095], ["has_gets", 0.18482765702985116], ["num_variables", 0.4752929634496912], ["num_while", -0.255848939431757]]}, {"sample_idx": 1,